contactid,firstname,lastname,address,city,state,zip,phone,email
100,James,Butt,6649 N Blue Gum St,New Orleans,LA,70116,504-845-1427,jbutt@gmail.com
101,Josephine,Darakjy,4 B Blue Ridge Blvd,Brighton,MI,48116,810-374-9840,josephine_darakjy@darakjy.org
102,Art,Venere,8 W Cerritos Ave #54,Bridgeport,NJ,8014,856-264-4130,art@venere.org
103,Lenna,Paprocki,639 Main St,Anchorage,AK,99501,907-921-2010,lpaprocki@hotmail.com
104,Donette,Foller,34 Center St,Hamilton,OH,45011,513-549-4561,donette.foller@cox.net
105,Simona,Morasca,3 Mcauley Dr,Ashland,OH,44805,419-800-6759,simona@morasca.com
106,Mitsue,Tollner,7 Eads St,Chicago,IL,60632,773-924-8565,mitsue_tollner@yahoo.com
107,Leota,Dilliard,7 W Jackson Blvd,San Jose,CA,95111,408-813-1105,leota@hotmail.com
108,Sage,Wieser,5 Boston Ave #88,Sioux Falls,SD,57105,605-794-4895,sage_wieser@cox.net
109,Kris,Marrier,228 Runamuck Pl #2808,Baltimore,MD,21224,410-804-4694,kris@gmail.com
110,Minna,Amigon,2371 Jerrold Ave,Kulpsville,PA,19443,215-422-8694,minna_amigon@yahoo.com
111,Abel,Maclead,37275 St  Rt 17m M,Middle Island,NY,11953,631-677-3675,amaclead@gmail.com
112,Kiley,Caldarera,25 E 75th St #69,Los Angeles,CA,90034,310-254-3084,kiley.caldarera@aol.com
113,Graciela,Ruta,98 Connecticut Ave Nw,Chagrin Falls,OH,44023,440-579-7763,gruta@cox.net
114,Cammy,Albares,56 E Morehead St,Laredo,TX,78045,956-841-7216,calbares@gmail.com
115,Mattie,Poquette,73 State Road 434 E,Phoenix,AZ,85013,602-953-6360,mattie@aol.com
116,Meaghan,Garufi,69734 E Carrillo St,Mc Minnville,TN,37110,931-235-7959,meaghan@hotmail.com
117,Gladys,Rim,322 New Horizon Blvd,Milwaukee,WI,53207,414-377-2880,gladys.rim@rim.org
118,Yuki,Whobrey,1 State Route 27,Taylor,MI,48180,313-341-4470,yuki_whobrey@aol.com
119,Fletcher,Flosi,394 Manchester Blvd,Rockford,IL,61109,815-426-5657,fletcher.flosi@yahoo.com
120,Bette,Nicka,6 S 33rd St,Aston,PA,19014,610-492-4643,bette_nicka@cox.net
121,Veronika,Inouye,6 Greenleaf Ave,San Jose,CA,95111,408-813-4592,vinouye@aol.com
122,Willard,Kolmetz,618 W Yakima Ave,Irving,TX,75062,972-896-4882,willard@hotmail.com
123,Maryann,Royster,74 S Westgate St,Albany,NY,12204,518-448-8982,mroyster@royster.com
124,Alisha,Slusarski,3273 State St,Middlesex,NJ,8846,732-635-3453,alisha@slusarski.com
125,Allene,Iturbide,1 Central Ave,Stevens Point,WI,54481,715-530-9863,allene_iturbide@cox.net
126,Chanel,Caudy,86 Nw 66th St #8673,Shawnee,KS,66218,913-899-1103,chanel.caudy@caudy.org
127,Ezekiel,Chui,2 Cedar Ave #84,Easton,MD,21601,410-235-8738,ezekiel@chui.com
128,Willow,Kusko,90991 Thorburn Ave,New York,NY,10011,212-934-5167,wkusko@yahoo.com
129,Bernardo,Figeroa,386 9th Ave N,Conroe,TX,77301,936-597-3614,bfigeroa@aol.com
130,Ammie,Corrio,74874 Atlantic Ave,Columbus,OH,43215,614-648-3265,ammie@corrio.com
131,Francine,Vocelka,366 South Dr,Las Cruces,NM,88011,505-335-5293,francine_vocelka@vocelka.com
132,Ernie,Stenseth,45 E Liberty St,Ridgefield Park,NJ,7660,201-387-9093,ernie_stenseth@aol.com
133,Albina,Glick,4 Ralph Ct,Dunellen,NJ,8812,732-782-6701,albina@glick.com
134,Alishia,Sergi,2742 Distribution Way,New York,NY,10025,212-753-2740,asergi@gmail.com
135,Solange,Shinko,426 Wolf St,Metairie,LA,70002,504-265-8174,solange@shinko.com
136,Jose,Stockham,128 Bransten Rd,New York,NY,10011,212-569-4233,jose@yahoo.com
137,Rozella,Ostrosky,17 Morena Blvd,Camarillo,CA,93012,805-609-1531,rozella.ostrosky@ostrosky.com
138,Valentine,Gillian,775 W 17th St,San Antonio,TX,78204,210-300-6244,valentine_gillian@gmail.com
139,Kati,Rulapaugh,6980 Dorsett Rd,Abilene,KS,67410,785-219-7724,kati.rulapaugh@hotmail.com
140,Youlanda,Schemmer,2881 Lewis Rd,Prineville,OR,97754,541-993-2611,youlanda@aol.com
141,Dyan,Oldroyd,7219 Woodfield Rd,Overland Park,KS,66204,913-645-8918,doldroyd@aol.com
142,Roxane,Campain,1048 Main St,Fairbanks,AK,99708,907-335-6568,roxane@hotmail.com
143,Lavera,Perin,678 3rd Ave,Miami,FL,33196,305-995-2078,lperin@perin.org
144,Erick,Ferencz,20 S Babcock St,Fairbanks,AK,99712,907-227-6777,erick.ferencz@aol.com
145,Fatima,Saylors,2 Lighthouse Ave,Hopkins,MN,55343,952-479-2375,fsaylors@saylors.org
146,Jina,Briddick,38938 Park Blvd,Boston,MA,2128,617-997-5771,jina_briddick@briddick.com
147,Kanisha,Waycott,5 Tomahawk Dr,Los Angeles,CA,90006,323-315-7314,kanisha_waycott@yahoo.com
148,Emerson,Bowley,762 S Main St,Madison,WI,53711,608-658-7940,emerson.bowley@bowley.org
149,Blair,Malet,209 Decker Dr,Philadelphia,PA,19132,215-794-4519,bmalet@yahoo.com
150,Brock,Bolognia,4486 W O St #1,New York,NY,10003,212-617-5063,bbolognia@yahoo.com
151,Lorrie,Nestle,39 S 7th St,Tullahoma,TN,37388,931-303-6041,lnestle@hotmail.com
152,Sabra,Uyetake,98839 Hawthorne Blvd #6101,Columbia,SC,29201,803-681-3678,sabra@uyetake.org
153,Marjory,Mastella,71 San Mateo Ave,Wayne,PA,19087,610-379-7125,mmastella@mastella.com
154,Karl,Klonowski,76 Brooks St #9,Flemington,NJ,8822,908-470-4661,karl_klonowski@yahoo.com
155,Tonette,Wenner,4545 Courthouse Rd,Westbury,NY,11590,516-333-4861,twenner@aol.com
156,Amber,Monarrez,14288 Foster Ave #4121,Jenkintown,PA,19046,215-329-6386,amber_monarrez@monarrez.org
157,Shenika,Seewald,4 Otis St,Van Nuys,CA,91405,818-749-8650,shenika@gmail.com
158,Delmy,Ahle,65895 S 16th St,Providence,RI,2909,401-559-8961,delmy.ahle@hotmail.com
159,Deeanna,Juhas,14302 Pennsylvania Ave,Huntingdon Valley,PA,19006,215-417-9563,deeanna_juhas@gmail.com
160,Blondell,Pugh,201 Hawk Ct,Providence,RI,2904,401-300-8122,bpugh@aol.com
161,Jamal,Vanausdal,53075 Sw 152nd Ter #615,Monroe Township,NJ,8831,732-904-2931,jamal@vanausdal.org
162,Cecily,Hollack,59 N Groesbeck Hwy,Austin,TX,78731,512-861-3814,cecily@hollack.org
163,Carmelina,Lindall,2664 Lewis Rd,Littleton,CO,80126,303-874-5160,carmelina_lindall@lindall.com
164,Maurine,Yglesias,59 Shady Ln #53,Milwaukee,WI,53214,414-573-7719,maurine_yglesias@yglesias.com
165,Tawna,Buvens,3305 Nabell Ave #679,New York,NY,10009,212-462-9157,tawna@gmail.com
166,Penney,Weight,18 Fountain St,Anchorage,AK,99515,907-873-2882,penney_weight@aol.com
167,Elly,Morocco,7 W 32nd St,Erie,PA,16502,814-420-3553,elly_morocco@gmail.com
168,Ilene,Eroman,2853 S Central Expy,Glen Burnie,MD,21061,410-937-4543,ilene.eroman@hotmail.com
169,Vallie,Mondella,74 W College St,Boise,ID,83707,208-737-8439,vmondella@mondella.com
170,Kallie,Blackwood,701 S Harrison Rd,San Francisco,CA,94104,415-604-7609,kallie.blackwood@gmail.com
171,Johnetta,Abdallah,1088 Pinehurst St,Chapel Hill,NC,27514,919-715-3791,johnetta_abdallah@aol.com
172,Bobbye,Rhym,30 W 80th St #1995,San Carlos,CA,94070,650-811-9032,brhym@rhym.com
173,Micaela,Rhymes,20932 Hedley St,Concord,CA,94520,925-522-7798,micaela_rhymes@gmail.com
174,Tamar,Hoogland,2737 Pistorio Rd #9230,London,OH,43140,740-526-5410,tamar@hotmail.com
175,Moon,Parlato,74989 Brandon St,Wellsville,NY,14895,585-498-4278,moon@yahoo.com
176,Laurel,Reitler,6 Kains Ave,Baltimore,MD,21215,410-957-6903,laurel_reitler@reitler.com
177,Delisa,Crupi,47565 W Grand Ave,Newark,NJ,7105,973-847-9611,delisa.crupi@crupi.com
178,Viva,Toelkes,4284 Dorigo Ln,Chicago,IL,60647,773-352-3437,viva.toelkes@gmail.com
179,Elza,Lipke,6794 Lake Dr E,Newark,NJ,7104,973-796-3667,elza@yahoo.com
180,Devorah,Chickering,31 Douglas Blvd #950,Clovis,NM,88101,505-950-1763,devorah@hotmail.com
181,Timothy,Mulqueen,44 W 4th St,Staten Island,NY,10309,718-654-7063,timothy_mulqueen@mulqueen.org
182,Arlette,Honeywell,11279 Loytan St,Jacksonville,FL,32254,904-514-9918,ahoneywell@honeywell.com
183,Dominque,Dickerson,69 Marquette Ave,Hayward,CA,94545,510-901-7640,dominque.dickerson@dickerson.org
184,Lettie,Isenhower,70 W Main St,Beachwood,OH,44122,216-733-8494,lettie_isenhower@yahoo.com
185,Myra,Munns,461 Prospect Pl #316,Euless,TX,76040,817-451-3518,mmunns@cox.net
186,Stephaine,Barfield,47154 Whipple Ave Nw,Gardena,CA,90247,310-968-1219,stephaine@barfield.com
187,Lai,Gato,37 Alabama Ave,Evanston,IL,60201,847-957-4614,lai.gato@gato.org
188,Stephen,Emigh,3777 E Richmond St #900,Akron,OH,44302,330-700-2312,stephen_emigh@hotmail.com
189,Tyra,Shields,3 Fort Worth Ave,Philadelphia,PA,19106,215-228-8264,tshields@gmail.com
190,Tammara,Wardrip,4800 Black Horse Pike,Burlingame,CA,94010,650-216-5075,twardrip@cox.net
191,Cory,Gibes,83649 W Belmont Ave,San Gabriel,CA,91776,626-696-2777,cory.gibes@gmail.com
192,Danica,Bruschke,840 15th Ave,Waco,TX,76708,254-205-1422,danica_bruschke@gmail.com
193,Wilda,Giguere,1747 Calle Amanecer #2,Anchorage,AK,99501,907-914-9482,wilda@cox.net
194,Elvera,Benimadho,99385 Charity St #840,San Jose,CA,95110,408-440-8447,elvera.benimadho@cox.net
195,Carma,Vanheusen,68556 Central Hwy,San Leandro,CA,94577,510-452-4835,carma@cox.net
196,Malinda,Hochard,55 Riverside Ave,Indianapolis,IN,46202,317-472-2412,malinda.hochard@yahoo.com
197,Natalie,Fern,7140 University Ave,Rock Springs,WY,82901,307-279-3793,natalie.fern@hotmail.com
198,Lisha,Centini,64 5th Ave #1153,Mc Lean,VA,22102,703-475-7568,lisha@centini.org
